専門教育科目,システムデザイン学部,情報科学科,学科基礎科目,プログラミング基礎演習I
専門教育科目,システムデザイン学部,情報科学科,学科基礎科目,情報数学I
専門教育科目,システムデザイン学部,情報科学科,学科基礎科目,データ構造とアルゴリズムI
専門教育科目,システムデザイン学部,情報科学科,学科基礎科目,プログラミング基礎演習II
専門教育科目,システムデザイン学部,情報科学科,学科基礎科目,データ構造とアルゴリズムII
専門教育専門教育科目,システムデザイン学部,情報科学科,学科基礎科目,形式言語とオートマトン
専門教育科目,システムデザイン学部,情報科学科,学科基礎科目,離散数学
専門教育科目,システムデザイン学部,情報科学科,学科基礎科目,計算機システム
専門教育科目,システムデザイン学部,情報科学科,学科基礎科目,微分積分・線形代数演習
専門教育科目,システムデザイン学部,情報科学科,学科基礎科目,データ構造とアルゴリズム演習
専門教育科目,システムデザイン学部,情報科学科,学科基礎科目,情報数学II
専門教育科目,システムデザイン学部,情報科学科,領域導入科目,情報科学概論1
専門教育科目,システムデザイン学部,情報科学科,領域導入科目,情報科学概論2
専門教育科目,システムデザイン学部,情報科学科,領域導入科目,情報科学概論3
専門教育科目,システムデザイン学部,情報科学科,学科専門科目群,基礎理論系科目,人工知能
専門教育科目,システムデザイン学部,情報科学科,学科専門科目群,基礎理論系科目,実践数値計算
専門教育科目,システムデザイン学部,情報科学科,学科専門科目群,基礎理論系科目,言語処理系
専門教育科目,システムデザイン学部,情報科学科,学科専門科目群,基礎理論系科目,情報論理学
専門教育科目,システムデザイン学部,情報科学科,学科専門科目群,基礎理論系科目,オブジェクト指向型言語
専門教育科目,システムデザイン学部,情報科学科,学科専門科目群,基礎理論系科目,計算理論
専門教育科目,システムデザイン学部,情報科学科,学科専門科目群,基礎理論系科目,情報セキリュティ
専門教育科目,システムデザイン学部,情報科学科,学科専門科目群,基礎理論系科目,機械学習
専門教育科目,システムデザイン学部,情報科学科,学科専門科目群,基礎理論系科目,情報理論
専門教育科目,システムデザイン学部,情報科学科,学科専門科目群,基礎理論系科目,情報科学応用数学
専門教育科目,システムデザイン学部,情報科学科,学科専門科目群,基礎理論系科目,確率モデリング
専門教育科目,システムデザイン学部,情報科学科,学科専門科目群,基礎理論系科目,プログラミング言語論
専門教育科目,システムデザイン学部,情報科学科,学科専門科目群,基礎理論系科目,アルゴリズム解析
専門教育科目,システムデザイン学部,情報科学科,学科専門科目群,基礎理論系科目,暗号理論
専門教育科目,システムデザイン学部,情報科学科,学科専門科目群,基礎理論系科目,符号理論
専門教育科目,システムデザイン学部,情報科学科,学科専門科目群,アーキテクチャ系科目,ソフトウェア構成論
専門教育科目,システムデザイン学部,情報科学科,学科専門科目群,アーキテクチャ系科目,コンピュータネットワーク
専門教育科目,システムデザイン学部,情報科学科,学科専門科目群,アーキテクチャ系科目,ソフトウェア設計論
専門教育科目,システムデザイン学部,情報科学科,学科専門科目群,アーキテクチャ系科目,コンピュータアーキテクチャ基礎論
専門教育科目,システムデザイン学部,情報科学科,学科専門科目群,アーキテクチャ系科目,オペレーティングシステム
専門教育科目,システムデザイン学部,情報科学科,学科専門科目群,アーキテクチャ系科目,インターネット
専門教育科目,システムデザイン学部,情報科学科,学科専門科目群,アーキテクチャ系科目,ソフトウェア工学
専門教育科目,システムデザイン学部,情報科学科,学科専門科目群,アーキテクチャ系科目,並列処理
専門教育科目,システムデザイン学部,情報科学科,学科専門科目群,アーキテクチャ系科目,現代計算機アーキテクチャ
専門教育科目,システムデザイン学部,情報科学科,学科専門科目群,アーキテクチャ系科目,無線ネットワーク
専門教育科目,システムデザイン学部,情報科学科,学科専門科目群,アーキテクチャ系科目,VLSI設計
専門教育科目,システムデザイン学部,情報科学科,学科専門科目群,アーキテクチャ系科目,分散処理
専門教育科目,システムデザイン学部,情報科学科,学科専門科目群,コンテンツ系科目,データベース
専門教育科目,システムデザイン学部,情報科学科,学科専門科目群,コンテンツ系科目,信号処理
専門教育科目,システムデザイン学部,情報科学科,学科専門科目群,コンテンツ系科目,UsabilityEngineering
専門教育科目,システムデザイン学部,情報科学科,学科専門科目群,コンテンツ系科目,